,Model,Intersection,Ranked Results
0,CompVis/stable-diffusion-v1-4,[0.6 0.6 0.6 0.6 0.6 0.6 0.6 0.6 0.6],"['keogh/stable-diffusion-compvis-v1-4', 'olympictafira/cAT', 'pcuenq/stable-diffusion-v1-4', 'junnyu/stable-diffusion-v1-4-paddle', 'bryanhpchiang/anim', 'jutaporn37678/stable-diffusion-v1-0', 'pain/CalliarGen-v2', 'osanseviero/compvis_fix', 'nmkd/stable-diffusion-1.5-onnx-fp16']"
1,jonatasgrosman/wav2vec2-large-xlsr-53-hungarian,"[0.85714286 0.85714286 0.85714286 0.85714286 0.85714286 0.85714286
 0.71428571 0.85714286 0.71428571]","['jonatasgrosman/wav2vec2-large-xlsr-53-finnish', 'jonatasgrosman/wav2vec2-large-xlsr-53-greek', 'jonatasgrosman/wav2vec2-large-xlsr-53-persian', 'jonatasgrosman/wav2vec2-large-xlsr-53-japanese', 'jonatasgrosman/wav2vec2-large-english', 'jonatasgrosman/wav2vec2-large-xlsr-53-chinese-zh-cn', 'wbbbbb/wav2vec2-large-chinese-zh-cn', 'jonatasgrosman/wav2vec2-large-xlsr-53-arabic', 'stefan-it/wav2vec2-large-xlsr-53-basque']"
2,cerebras/Cerebras-GPT-13B,"[1.         1.         1.         1.         1.         1.
 0.8        0.         0.33333333]","['cerebras/Cerebras-GPT-1.3B', 'cerebras/Cerebras-GPT-590M', 'cerebras/Cerebras-GPT-256M', 'cerebras/Cerebras-GPT-6.7B', 'cerebras/Cerebras-GPT-2.7B', 'cerebras/Cerebras-GPT-13B', 'marcospiau/Cerebras-GPT-13B-reshard-1GB-float32', 'bjoernp/alpaca-cerebras-6.7B', 'seantyh/mpt-1b-rp200b-dolly']"
3,timm/eva02_base_patch14_224.mim_in22k,[0.5 0.5 0.5 0.5 0.5 0.5 0.5 0.5 0.5],"['timm/eva02_small_patch14_336.mim_in22k_ft_in1k', 'timm/eva02_base_patch14_448.mim_in22k_ft_in22k_in1k', 'timm/eva02_large_patch14_448.mim_m38m_ft_in1k', 'timm/eva02_large_patch14_224.mim_m38m', 'timm/vit_relpos_base_patch16_clsgap_224.sw_in1k', 'timm/vit_relpos_small_patch16_224.sw_in1k', 'timm/vit_srelpos_small_patch16_224.sw_in1k', 'timm/vit_relpos_base_patch32_plus_rpn_256.sw_in1k', 'timm/vit_relpos_medium_patch16_cls_224.sw_in1k']"
4,Hello-SimpleAI/chatgpt-qa-detector-roberta,"[1.         0.         0.         0.         0.33333333 0.
 0.         0.         0.        ]","['Hello-SimpleAI/chatgpt-detector-roberta', 'KoalaAI/OPT-1.3b-Chat', 'spybot/Timpi_Wilson', 'lmsys/fastchat-t5-3b-v1.0', 'alistvt/fudnet', 'vivekfogteams/fastchat-3b-copy', 'gsaivinay/Platypus-30B', 'garage-bAInd/Platypus-30B', 'zhuqi/t5-large-coqr-canard']"
5,Yntec/OpenLexica,"[0.5        0.5        0.66666667 0.7        0.71428571 0.66666667
 0.5        0.66666667 0.28571429]","['Yntec/lametta', 'Yntec/REV', 'Yntec/iComixRemix', 'Yntec/WoopWoopRemix', 'Yntec/CartoonStyleClassic', 'digiplay/RMHF_2.5D_v2', 'Yntec/ReVAnimated768', 'digiplay/CityEdge_StyleMix_v1.44', 'Yntec/Infinite80s']"
6,Open-Orca/OpenOrcaxOpenChat-Preview2-13B,"[0.66666667 1.         1.         0.33333333 0.33333333 0.
 0.33333333 0.33333333 0.33333333]","['swapnice/swapnice-openorcaxopenchat-preview2-13b', 'Open-Orca/LlongOrca-7B-16k', 'Open-Orca/LlongOrca-13B-16k', 'NousResearch/Nous-Puffin-70B', 'elinas/vicuna-13b-4bit', 'vincentmin/llama-2-7b-reward-oasst1', 'linkanjarad/Cerebras-GPT-Alpaca-590m', 'pankajmathur/orca_mini_v3_7b', 'mrsteyk/openchatgpt-neox-125m']"
7,cardiffnlp/twitter-roberta-base-sentiment,"[1.         0.33333333 0.33333333 1.         0.66666667 0.5
 0.5        0.5        0.        ]","['cardiffnlp/twitter-roberta-base-sentiment-latest', 'siebert/sentiment-roberta-large-english', 'l3cube-pune/MarathiSentiment', 'cardiffnlp/twitter-xlm-roberta-base-sentiment', 'selimsametoglu/selims', 'osiria/bert-tweet-italian-uncased-sentiment', 'tblard/tf-allocine', 'philschmid/pt-tblard-tf-allocine', 'kevinscaria/joint_tk-instruct-base-def-pos-neg-neut-combined']"
8,Salesforce/codegen-2B-mono,[1. 1. 1. 1. 1. 1. 1. 1. 1.],"['Salesforce/codegen-6B-mono', 'Salesforce/codegen-16B-mono', 'Salesforce/codegen-350M-mono', 'Salesforce/codegen-350M-multi', 'Salesforce/codegen-6B-multi', 'Salesforce/codegen-2B-multi', 'Salesforce/codegen-16B-multi', 'Salesforce/codegen-2B-nl', 'Salesforce/codegen-6B-nl']"
9,prajjwal1/bert-small,"[1.         0.83333333 0.         0.         0.         0.
 0.         0.         0.        ]","['prajjwal1/bert-mini', 'harshil10/birt_tiny', 'GroNLP/bert-base-dutch-cased-upos-alpino', 'dumitrescustefan/bert-base-romanian-cased-v1', 'dumitrescustefan/bert-base-romanian-uncased-v1', 'mrm8488/bert-base-spanish-wwm-cased-finetuned-spa-squad2-es', 'Josue/BETO-espanhol-Squad2', 'jorgeortizfuentes/tulio-bert', 'l3cube-pune/marathi-bert-v2']"
10,Salesforce/xgen-7b-8k-base,[0.5 0.5 0.  0.5 0.5 0.5 0.5 0.5 0. ],"['OpenAssistant/pythia-12b-pre-v8-12.5k-steps', 'bhenrym14/airoboros-7b-gpt4-1.4.1-lxctx-PI-16384-fp16', 'hugggof/ConvTasNet_Libri3Mix_sepnoisy_16k', 'garage-bAInd/Platypus2-7B', 'garage-bAInd/Stable-Platypus2-13B', 'Open-Orca/OpenOrca-Platypus2-13B', 'Multi-Domain-Expert-Learning/REDPAJAMA-3B-expert-arxiv', 'lambdalabs/pythia-1.4b-deduped-synthetic-instruct', 'regisss/bridgetower-newyorker-gaudi2-8x']"
11,airesearch/wangchanberta-base-att-spm-uncased,[1.  1.  1.  1.  0.  0.  0.  0.5 0. ],"['airesearch/wangchanberta-base-wiki-newmm', 'airesearch/wangchanberta-base-wiki-syllable', 'airesearch/wangchanberta-base-wiki-spm', 'airesearch/wangchanberta-base-wiki-sefr', 'Bictole/NLP_DEEP_2', 's-nlp/gpt2-base-gedi-detoxification', 'cointegrated/rubert-base-cased-nli-threeway', 'neuropark/sahajBERT', 'dougtrajano/toxicity-target-classification']"
12,Salesforce/codegen-16B-nl,[1. 1. 1. 1. 1. 1. 1. 1. 1.],"['Salesforce/codegen-6B-nl', 'Salesforce/codegen-350M-nl', 'Salesforce/codegen-2B-nl', 'Salesforce/codegen-16B-mono', 'Salesforce/codegen-6B-mono', 'Salesforce/codegen-2B-mono', 'Salesforce/codegen-350M-mono', 'Salesforce/codegen-6B-multi', 'Salesforce/codegen-16B-multi']"
13,stabilityai/sd-x2-latent-upscaler,[0.5 0.5 0.5 0.5 0.5 0.5 0.5 0.5 1. ],"['jutaporn37678/stable-diffusion-v1-0', 'CompVis/stable-diffusion-v1-4', 'keogh/stable-diffusion-compvis-v1-4', 'olympictafira/cAT', 'pcuenq/stable-diffusion-v1-4', 'junnyu/stable-diffusion-v1-4-paddle', 'bryanhpchiang/anim', 'pain/CalliarGen-v2', 'stabilityai/stable-diffusion-x4-upscaler']"
14,baichuan-inc/Baichuan-13B-Base,[1.  0.  0.5 0.5 0.5 0.  0.  0.  0. ],"['baichuan-inc/Baichuan-13B-Chat', 'ClueAI/ChatYuan-7B', 'wgs/ChatGLM-Medical', 'jslin09/gpt2-chinese-cluecorpussmall-finetuned-fraud', 'openerotica/Qwen-7B-Chat-128g-4bit', 'THUDM/chatglm2-6b-int4', 'ssbuild/chatglm2-6b-int4', 'neukg/TechGPT-7B', 'michaelwzhu/ShenNong-TCM-LLM']"
15,czurita/nsql-llama-2-7B-sharded-bf16-2GB,[0.5 0.5 0.5 0.5 0.5 0.5 0.5 0.5 0.5],"['NumbersStation/nsql-2B', 'NumbersStation/nsql-6B', 'NumbersStation/nsql-350M', 'NumbersStation/nsql-llama-2-7B', 'bugdaryan/Code-Llama-2-13B-instruct-text2sql', 'bugdaryan/WizardCoderSQL-15B-V1.0', 'richardr1126/spider-natsql-wizard-coder-merged', 'richardr1126/spider-skeleton-wizard-coder-8bit', 'lokpalai/lokpalgpt-falcon-7b-lora-4.5']"
16,google/vit-base-patch32-224-in21k,"[1.         1.         0.75       0.75       0.75       0.5
 0.33333333 0.25       0.25      ]","['google/vit-base-patch16-224-in21k', 'google/vit-huge-patch14-224-in21k', 'google/vit-base-patch16-224', 'google/vit-base-patch16-384', 'google/vit-base-patch32-384', 'optimum/vit-base-patch16-224', 'kakaobrain/vit-l16-coyo-labeled-300m-i1k512', 'facebook/dinov2-base-imagenet1k-1-layer', 'nateraw/vit-base-patch16-224-cifar10']"
17,facebook/esmfold_v1,[0. 0. 0. 0. 0. 0. 0. 0. 0.],"['djh992/tinyIFD_Mpro', 'jaykmr/ESMCrystal_t12_35M_v2', 'zjunlp/llama-molinst-protein-7b', 'jaykmr/ESMCrystal_t6_8M_v1', 'zjunlp/llama-molinst-molecule-7b', 'liyuesen/druggpt', 'mort666/faster-whisper-large-v2-th', 'BAAI/OPI_full_Galactica-6.7B', 'minhnguyen/Advanced_B-cell_Epitopes_Prediction']"
18,laion/CLIP-convnext_large_d_320.laion2B-s29B-b131K-ft-soup,[0. 0. 1. 0. 0. 0. 0. 0. 1.],"['apple/deeplabv3-mobilevit-xx-small', 'Matthijs/deeplabv3-mobilevit-small', 'laion/CLIP-convnext_base_w-laion2B-s13B-b82K', 'dennisjooo/emotion_classification', 'segmind/tiny-sd', 'kenobi/SDO_VT1', 'BleachNick/MMICL-Instructblip-T5-xxl', 'PrakhAI/AIPlane3', 'laion/CLIP-ViT-B-32-xlm-roberta-base-laion5B-s13B-b90k']"
19,bhadresh-savani/roberta-base-emotion,"[0.66666667 0.5        0.66666667 0.5        0.25       0.
 0.         0.         0.5       ]","['bhadresh-savani/albert-base-v2-emotion', 'nanopass/distilbert-base-uncased-emotion-2', 'bhadresh-savani/bert-base-uncased-emotion', 'BiaDd/emotion-model', 'l3cube-pune/MarathiSentiment', 'LEIA/LEIA-LM-base', 'NightMachinery/task_adapter_amazon_bert-base-multilingual-cased_en_wiki', 'coreychambers/entartst', 'neel-jotaniya/emotion-advance-classifier']"
20,timm/convnextv2_nano.fcmae_ft_in22k_in1k,[0.5 0.5 0.5 0.5 0.5 0.5 0.5 0.5 0.5],"['timm/convnextv2_atto.fcmae_ft_in1k', 'timm/convnextv2_pico.fcmae_ft_in1k', 'timm/convnextv2_femto.fcmae_ft_in1k', 'timm/convnextv2_nano.fcmae_ft_in1k', 'timm/convnextv2_tiny.fcmae_ft_in1k', 'timm/convnextv2_huge.fcmae_ft_in1k', 'timm/convnextv2_tiny.fcmae_ft_in22k_in1k_384', 'timm/convnextv2_huge.fcmae_ft_in22k_in1k_512', 'timm/rexnetr_200.sw_in12k_ft_in1k']"
21,DeepPavlov/rubert-base-cased-conversational,[1. 1. 0. 0. 0. 0. 0. 0. 0.],"['DeepPavlov/bert-base-cased-conversational', 'DeepPavlov/distilrubert-small-cased-conversational', 's-nlp/rubert-base-cased-conversational-paraphrase-v1', 'cjvt/sloberta-sleng', 'erikycd/chatbot_hadita', 'mrm8488/xlm-roberta-base-finetuned-HC3-mix', 'ITG/DialoGPT-medium-spanish-chitchat', 'tarob0ba/opus-mt-en-mul-finetuned-en-to-lfn', 'tarob0ba/opus-mt-mul-en-finetuned-lfn-to-en']"
22,sd-dreambooth-library/mr-potato-head,[1. 1. 1. 1. 1. 1. 1. 1. 1.],"['sd-dreambooth-library/mau-cat', 'sd-dreambooth-library/sks-rv', 'sd-dreambooth-library/axolotee', 'sd-dreambooth-library/metahuman-rkr', 'sd-dreambooth-library/kamenridergeats', 'sd-dreambooth-library/mirtha-legrand', 'sd-dreambooth-library/ba-shiroko', 'sd-dreambooth-library/tempa2', 'sd-dreambooth-library/partis']"
23,Salesforce/codegen-350M-nl,[1. 1. 1. 1. 1. 1. 1. 1. 1.],"['Salesforce/codegen-16B-nl', 'Salesforce/codegen-6B-nl', 'Salesforce/codegen-2B-nl', 'Salesforce/codegen-16B-mono', 'Salesforce/codegen-6B-mono', 'Salesforce/codegen-350M-mono', 'Salesforce/codegen-2B-mono', 'Salesforce/codegen-350M-multi', 'Salesforce/codegen-16B-multi']"
24,Salesforce/blip2-flan-t5-xl,"[0.83333333 0.83333333 0.66666667 0.66666667 0.83333333 0.83333333
 0.83333333 0.66666667 0.75      ]","['Salesforce/blip2-flan-t5-xl-coco', 'Salesforce/blip2-flan-t5-xxl', 'Mediocreatmybest/blip2-opt-2.7b_8bit', 'Mediocreatmybest/blip2-opt-6.7b_8bit', 'Salesforce/blip2-opt-2.7b', 'Salesforce/blip2-opt-2.7b-coco', 'Salesforce/blip2-opt-6.7b-coco', 'getZuma/image-captioning', 'microsoft/git-large-textcaps']"
25,yiyanghkust/finbert-tone,[0.   0.   0.75 0.   0.25 0.25 0.75 0.   0.75],"['philschmid/finbert-pretrain-yiyanghkust', 'FinanceInc/finbert-pretrain', 'Narsil/finbert2', 'NlpHUST/vibert4news-base-cased', 'soleimanian/financial-roberta-large-sentiment', 'faycadnz/IMFBERT_binary', 'nickmuchi/sec-bert-finetuned-finance-classification', 'KETI-AIR/ke-t5-base', 'ahmedrachid/FinancialBERT-Sentiment-Analysis']"
26,jordiclive/Llama-2-70b-oasst-1-200,"[0.5        0.25       0.         0.25       0.66666667 0.25
 0.25       0.25       0.        ]","['ushikado/yuyuyui-chatbot', 'TehVenom/Pygmalion-13b-Merged', 'Hariharavarshan/Cover_genie', 'TehVenom/Pygmalion-7b-4bit-GPTQ-Safetensors', 'OpenAssistant/oasst-sft-1-pythia-12b', 'Neko-Institute-of-Science/pygmalion-7b', 'rustformers/stablelm-ggml', 'MrToast/idk', 'Chinese-Vicuna/Chinese-Vicuna-lora-7b-chatv1']"
27,philschmid/bart-large-cnn-samsum,[0. 0. 0. 0. 0. 0. 0. 0. 0.],"['dandelin/vilt-b32-mlm', 'keras-io/conv_mixer_image_classification', 'turing-motors/heron-preliminary-git-Llama-2-70b-v0', 'liuhaotian/LLaVA-Lightning-7B-delta-v1-1', 'Xynon/SD-Silicon', 'UpGrowTeam/UpGrow', 'HuggingFaceM4/idefics-9b-instruct', 'konapieces/LastpieceCoreXL', 'bsmock/TATR-v1.1-Pub']"
28,emilianJR/CyberRealistic_V3,"[0.83333333 0.83333333 0.83333333 0.83333333 0.83333333 0.83333333
 0.66666667 0.83333333 0.83333333]","['emilianJR/XXMix_9realistic', 'emilianJR/RealisticVision_V2', 'emilianJR/epiCRealism', 'emilianJR/KenCanMix_V2', 'emilianJR/majicMIX_realistic_v5_preview', 'emilianJR/NeverEndingDream', 'mfrashad/majicMIX_realistic_v6', 'emilianJR/ProGenUberAnalogMix_V1', 'emilianJR/HRA_hyperrealism_art']"
29,sociocom/MedNER-CR-JA,"[1.         0.33333333 0.         0.33333333 0.33333333 0.5
 0.5        0.25       0.2       ]","['sociocom/MedNERN-CR-JA', 'tartuNLP/est-roberta-hist-ner', 'HueyNemud/das22-10-camembert_pretrained', 'HueyNemud/das22-41-camembert_pretrained_finetuned_ref', 'HueyNemud/das22-43-camembert_pretrained_finetuned_pero', 'aitslab/biobert_huner_species_v1', 'daman043/roberta-base-finetuned-cluener2020-chinese', 'bullmount/it_nerIta_trf', 'lang-uk/flair-uk-ner']"
30,TalTechNLP/voxlingua107-epaca-tdnn,"[0.66666667 0.83333333 0.         0.         0.         0.
 0.33333333 0.         0.        ]","['TalTechNLP/voxlingua107-xls-r-300m-wav2vec', 'TalTechNLP/voxlingua107-epaca-tdnn-ce', 'facebook/s2t-small-librispeech-asr', 'esnya/japanese_speecht5_tts', 'thesven/whisper-tiny-bn-v2', 'Jzuluaga/bert-base-speaker-role-atc-en-uwb-atcc', 'AaltoSpeech/CombFinnish-AED-CRDNN', 'wannaphong/khanomtan-tts-v1.0', 'thesven/whisper-tiny-bn-thesven']"
31,gilf/french-camembert-postag-model,[0.5 0.5 0.5 0.5 0.5 0.5 0.5 0.5 0.5],"['mrm8488/bert-spanish-cased-finetuned-pos', 'flair/upos-multi', 'new5558/HoogBERTa-POS-lst20', 'bene-ges/ru_g2p_ipa_bert_large', 'flair/upos-multi-fast', 'lang-uk/flair-uk-pos', 'noeminaepli/swiss_german_pos_model', 'qanastek/pos-french-camembert-flair', 'noeminaepli/swiss_german_stts_pos_model']"
32,google/bigbird-pegasus-large-arxiv,[0.75 0.5  0.   0.25 0.   0.25 0.25 0.25 0.  ],"['google/bigbird-pegasus-large-pubmed', 'google/bigbird-pegasus-large-bigpatent', 'flax-community/pino-bigbird-roberta-base', 'google/bigbird-roberta-base', 'flax-community/bigband', 't5-3b', 't5-11b', 't5-small', 'Hitesh1501/Longformer']"
33,robotjung/SemiRealMix,[0.5  0.5  0.25 0.4  0.   0.25 0.25 0.4  0.25],"['hakurei/waifu-diffusion', 'NerdyRodent/rodent-diffusion-1-5', 'CyberHarem/indianapolis_azurlane', 'coreml-community/coreml-elldreths-dream-mix', 'MrHup/coloring-book', 'CyberHarem/zenobia_fgo', 'CyberHarem/waai_fu_arknights', 'HighCWu/sd-controllora-face-landmarks', 'CyberHarem/cliffheart_arknights']"
34,lllyasviel/control_v11p_sd15_canny,"[0.85714286 0.85714286 0.85714286 0.75       0.85714286 0.85714286
 0.85714286 0.85714286 0.85714286]","['lllyasviel/control_v11p_sd15_softedge', 'lllyasviel/control_v11p_sd15_normalbae', 'lllyasviel/control_v11p_sd15_openpose', 'ControlNet-1-1-preview/control_v11p_sd15_lineart', 'lllyasviel/control_v11p_sd15_scribble', 'lllyasviel/control_v11p_sd15_seg', 'lllyasviel/control_v11f1p_sd15_depth', 'lllyasviel/control_v11p_sd15s2_lineart_anime', 'lllyasviel/control_v11e_sd15_shuffle']"
35,Yntec/dreamlike-photoreal-remix,[0.    0.5   0.625 0.875 0.5   0.    0.    0.5   0.5  ],"['BlancOfficial/Healy_AnimeBlend', 'Yntec/HassanBlend12', 'Yntec/DeliShaper', 'Yntec/Dreamlike', 'Jasm1neTea/drachenlord-x-protogen-dreambooth', 'Copax/copax_melodies', 'weareleve1upkpop/Leve1UP-members-LoRas', 'Yntec/HassanBlend1512VAE', 'ZoeCastillo/ZC_simplestyle']"
36,joeddav/distilbert-base-uncased-go-emotions-student,[0.5 0.  0.  0.5 0.  0.2 0.2 0.2 0. ],"['Cohee/distilbert-base-uncased-go-emotions-onnx', 'ProdicusII/ZeroShotBioNER', 'MilosKosRad/BioNER', 'SamLowe/roberta-base-go_emotions', 'BXYMartin/long-t5-tglobal-base-openhearthstone-v0.1', 'gchhablani/fnet-base-finetuned-mnli', 'gchhablani/fnet-base-finetuned-rte', 'gchhablani/fnet-base-finetuned-sst2', 'Shushant/ApplicantTrackingSystemBERT']"
37,lllyasviel/sd-controlnet-depth,"[0.83333333 0.83333333 0.83333333 0.83333333 0.83333333 0.83333333
 0.83333333 0.83333333 0.83333333]","['lllyasviel/sd-controlnet-canny', 'lllyasviel/sd-controlnet-hed', 'lllyasviel/sd-controlnet-normal', 'lllyasviel/sd-controlnet-openpose', 'lllyasviel/sd-controlnet-scribble', 'lllyasviel/sd-controlnet-mlsd', 'lllyasviel/sd-controlnet-seg', 'lllyasviel/control_v11p_sd15_lineart', 'lllyasviel/control_v11p_sd15_canny']"
38,sander-wood/text-to-music,"[0.33333333 0.         0.66666667 0.33333333 0.         0.33333333
 0.33333333 0.33333333 0.        ]","['juancopi81/mutopia_guitar_mmm', 'DancingIguana/music-generation', 'sander-wood/clamp-small-1024', 'slseanwu/compose-and-embellish-pop1k7', 'groadabike/ConvTasNet_DAMPVSEP_EnglishNonEnglish_baseline', 'reach-vb/musicgen-large-fp16-endpoint', 'facebook/musicgen-small', 'LoopersClub/musicgen-small', 'nguyenvulebinh/lyric-alignment']"
39,albert-xxlarge-v2,"[1.         1.         0.66666667 0.75       0.         0.25
 1.         1.         0.25      ]","['albert-xxlarge-v2', 'albert-xlarge-v2', 'tftransformers/albert-xxlarge-v2', 'tftransformers/albert-base-v1', 'Gxl/234', 'macedonizer/ba-roberta-base', 'roberta-base', 'model-attribution-challenge/roberta-base', 'macedonizer/al-roberta-base']"
40,T-Systems-onsite/cross-en-de-roberta-sentence-transformer,"[0.14285714 0.         0.1        0.1        0.1        0.2
 0.2        0.2        0.1       ]","['hackathon-pln-es/paraphrase-spanish-distilroberta', 'Dimitre/universal-sentence-encoder', 'sentence-transformers/all-distilroberta-v1', 'sentence-transformers/all-mpnet-base-v2', 'diptanuc/all-mpnet-base-v2', 'navteca/all-mpnet-base-v2', '3gg/all-mpnet-base-v2', 'sentence-transformers/all-roberta-large-v1', 'sentence-transformers/all-MiniLM-L12-v2']"
41,cl-tohoku/bert-base-japanese-whole-word-masking,"[1.         0.66666667 1.         0.66666667 0.66666667 0.66666667
 0.         0.33333333 0.66666667]","['cl-tohoku/bert-base-japanese', 'cl-tohoku/bert-base-japanese-v3', 'cl-tohoku/bert-base-japanese-char', 'asafaya/bert-mini-arabic', 'ku-accms/bert-base-japanese-ssuw', 'asafaya/bert-base-arabic', 'lirondos/anglicisms-spanish-mbert', 'google/bigbird-roberta-base', 'izumi-lab/bert-small-japanese']"
42,darkstorm2150/Protogen_x5.8_Official_Release,"[0.875      0.875      0.2        0.2        0.33333333 0.6
 0.4        0.66666667 0.4       ]","['darkstorm2150/Protogen_v2.2_Official_Release', 'darkstorm2150/Protogen_x3.4_Official_Release', 'DionTimmer/controlnet_qrcode-control_v1p_sd15', 'DionTimmer/controlnet_qrcode-control_v11p_sd21', 'treksis/coreml-ChilloutMix', 'naclbit/trinart_derrida_characters_v2_stable_diffusion', 'coreml-community/coreml-moDi-v1', 'haor/Evt_V4-preview', 'coreml-community/coreml-vanGoghDiffusion_v1']"
43,EleutherAI/pythia-6.9b,"[0.83333333 1.         0.66666667 0.66666667 0.83333333 0.25
 0.         0.         0.16666667]","['EleutherAI/pythia-70m-deduped', 'EleutherAI/pythia-12b', 'P1ayer-1/pythia-1b-deduped-instruct-base', 'exa1128/pythia-1000step', 'EleutherAI/pythia-1.4b-v0', 'rustformers/pythia-ggml', 'uwnlp/llama-2-70b-qlora-openorca', 'declare-lab/flan-alpaca-xl-lora', 'ngoantech/Llama-2-7b-vietnamese-20k']"
44,WizardLM/WizardLM-13B-V1.2,[1.  1.  1.  0.5 0.5 0.5 0.5 0.5 0.5],"['WizardLM/WizardCoder-Python-34B-V1.0', 'WizardLM/WizardCoder-Python-13B-V1.0', 'WizardLM/WizardCoder-15B-V1.0', 'alimtegar/WizardCoder-15B-V1.0-sharded', 'anttip/WizardCoder-15B-V1.0', 'huggingtweets/drumbunkerdrag1', 'Mediocreatmybest/WizardCoder-Python-34B-V1.0_8bit_nf4', 'huggingtweets/endlessoffal', 'smallcloudai/Refact-1_6B-fim']"
45,pyannote/segmentation,"[0.84615385 0.28571429 0.53846154 0.28571429 0.33333333 0.2
 0.23076923 0.2        0.        ]","['philschmid/pyannote-segmentation', 'superb/hubert-base-superb-sid', 'pyannote/embedding', 'superb/wav2vec2-base-superb-sid', 'flax-community/wav2vec2-german', 'cwkeam/mctct-large', 'nvidia/speakerverification_en_titanet_large', 'speechbrain/m-ctc-t-large', 'Mastering-Python-HF/nvidia_tts_en_hifitts_hifigan_ft_fastpitch']"
46,PygmalionAI/pygmalion-350m,[0. 0. 0. 0. 0. 0. 0. 0. 0.],"['Trelis/mpt-7b-8k-chat-sharded-bf16', 'wanglab/clinical-camel', '922-CA/LLilmonix3b-v0.3', 'HuggingFaceH4/starchat-beta', '922-CA/l2-7b-sayori-ddlc-v0.1', '922-CA/LLilmonix3b-v0.4a', 'TheBloke/starchat-beta-GGML', 'alpindale/pyg-vn-2.7b', 'piratos/ct2fast-starchat-beta']"
47,jackaduma/SecRoBERTa,[1.  0.  0.  0.5 0.  0.  0.  0.  0. ],"['jackaduma/SecBERT', 'pandrei7/autextification-upb-mtl', 'HooshvareLab/bert-fa-base-uncased-clf-persiannews', 'ehsanaghaei/SecureBERT_Plus', 'y-oikawa/Information-triage-for-disaster-tweets', 'climatebert/transition-physical', 'HooshvareLab/bert-fa-base-uncased-clf-digimag', 'geralt/MechDistilGPT2', 'ritwikm/gandhi-gpt']"
48,nvidia/segformer-b5-finetuned-ade-640-640,[0.8 0.8 0.6 0.6 0.6 0.6 0.6 0.6 0.4],"['nvidia/segformer-b0-finetuned-ade-512-512', 'nvidia/segformer-b2-finetuned-ade-512-512', 'optimum/segformer-b0-finetuned-ade-512-512', 'nvidia/segformer-b0-finetuned-cityscapes-768-768', 'nvidia/segformer-b0-finetuned-cityscapes-512-1024', 'nvidia/segformer-b5-finetuned-cityscapes-1024-1024', 'nvidia/segformer-b3-finetuned-cityscapes-1024-1024', 'nvidia/segformer-b0-finetuned-cityscapes-640-1280', 'chainyo/segformer-b1-sidewalk']"
49,bigcode/starcoderbase-3b,[1.  1.  1.  1.  1.  0.5 1.  1.  0.5],"['bigcode/starcoderbase-7b', 'bigcode/starcoderbase-1b', 'bigcode/starcoderbase', 'bigcode/starcoder', 'bigcode/starcoderbase-megatron', 'GeorgiaTechResearchInstitute/starcoder-gpteacher-code-instruct', 'bigcode/starcoder-megatron', 'bigcode/starcoderplus-megatron', 'shailja/fine-tuned-codegen-2B-Verilog']"
50,bofenghuang/vigogne-2-13b-instruct,"[0.5        0.5        0.25       0.5        0.2        0.
 0.33333333 0.2        0.2       ]","['GralchemOz/guanaco-13b-chinese', 'GralchemOz/guanaco-33b-chinese-GPTQ-4bit-128g', 'Undi95/Unholy-v1-10L-13B', 'GralchemOz/Nous-Hermes-Llama2-13b-chinese', 'TheBloke/gpt4-alpaca-lora-13B-HF', 'DataikuNLP/camembert-base', 'arthurangelici/opt-6.7b-lora-caramelo', 'azale-ai/DukunLM-7B-V1.0-Uncensored', 'azale-ai/DukunLM-Uncensored-7B']"
51,distilbert-base-cased-distilled-squad,[1. 0. 0. 0. 0. 0. 0. 0. 0.],"['distilbert-base-uncased-distilled-squad', 'minhtriphan/LongFinBERT-base', 'microsoft/Multilingual-MiniLM-L12-H384', 'nlpaueb/sec-bert-num', 'nlpaueb/sec-bert-shape', 'nlpaueb/sec-bert-base', 'distilbert-base-multilingual-cased', 'mosaicml/mosaic-bert-base-seqlen-1024', 'mosaicml/mosaic-bert-base-seqlen-2048']"
52,google/vivit-b-16x2-kinetics400,[0.  0.  0.  0.5 0.  0.  0.  0.  0. ],"['obvious-research/phenaki-cvivit', 'krasserm/perceiver-io-optical-flow', 'damo-vilab/MS-Image2Video', 'Sense-X/uniformer_video', 'BleachNick/MMICL-Instructblip-T5-xxl', 'BAAI/EVA', 'damo-vilab/MS-Vid2Vid-XL', 'frgfm/repvgg_a0', 'franciscoafy/vit-base-patch16-224-franciscoflores-classification']"
53,mrm8488/t5-base-finetuned-summarize-news,"[0.         0.         0.         0.33333333 0.         0.
 0.         0.         0.66666667]","['Joemgu/pegasus-x-sumstew', 'human-centered-summarization/financial-summarization-pegasus', 'com3dian/Bart-large-paper2slides-summarizer', 'com3dian/Bart-large-paper2slides-expander', 'Ssarion/bart-base-multi-news', 'ainize/bart-base-cnn', 'ELiRF/NASES', 'ELiRF/NASCA', 'mrm8488/t5-small-finetuned-squadv1']"
54,jondurbin/airoboros-13b-gpt4-1.4,"[1.         0.66666667 1.         1.         0.33333333 0.
 0.33333333 0.5        0.33333333]","['jondurbin/airoboros-65b-gpt4-1.4', 'jondurbin/airoboros-7b-gpt4-1.4.1-qlora', 'jondurbin/airoboros-33b-gpt4-1.4', 'jondurbin/airoboros-mpt-30b-gpt4-1p4-five-epochs', 'OpenAssistant/codellama-13b-oasst-sft-v10', 'michaelfeil/ct2fast-starchat-beta', 'rinna/vicuna-13b-delta-finetuned-langchain-MRKL', 'TehVenom/Dolly_Shygmalion-6b-Dev_V8P2', 'NousResearch/Nous-Puffin-70B']"
55,codellama/CodeLlama-7b-Instruct-hf,"[1.         1.         1.         1.         0.66666667 1.
 0.66666667 0.66666667 0.66666667]","['codellama/CodeLlama-34b-Instruct-hf', 'codellama/CodeLlama-34b-Python-hf', 'codellama/CodeLlama-13b-Python-hf', 'codellama/CodeLlama-34b-hf', 'TabbyML/CodeLlama-13B', 'codellama/CodeLlama-7b-hf', 'TabbyML/CodeLlama-7B', 'vodkaslime/codellama-7b-hf', 'piratos/ct2fast-codellama-13b-instruct-hf']"
56,BridgeTower/bridgetower-base,[1. 1. 1. 0. 0. 0. 0. 0. 0.],"['BridgeTower/bridgetower-base', 'BridgeTower/bridgetower-base-itm-mlm', 'BridgeTower/bridgetower-large-itm-mlm-gaudi', 'alibaba-damo/mgp-str-base', 'microsoft/BiomedCLIP-PubMedBERT_256-vit_base_patch16_224', 'Team-PIXEL/pixel-base', 'liuhaotian/LLaVA-Lightning-7B-delta-v1-1', 'HuggingFaceM4/idefics-9b-instruct', 'koajoel/PolyFormer']"
57,Salesforce/codegen-16B-multi,[1. 1. 1. 1. 1. 1. 1. 1. 1.],"['Salesforce/codegen-6B-multi', 'Salesforce/codegen-2B-multi', 'Salesforce/codegen-350M-multi', 'Salesforce/codegen-16B-mono', 'Salesforce/codegen-2B-mono', 'Salesforce/codegen-350M-mono', 'Salesforce/codegen-6B-mono', 'Salesforce/codegen-350M-nl', 'Salesforce/codegen-16B-nl']"
58,stablediffusionapi/disney-pixal-cartoon,"[0.83333333 0.83333333 0.83333333 0.83333333 0.83333333 0.83333333
 0.83333333 0.83333333 0.83333333]","['stablediffusionapi/disney-pixar-cartoon', 'stablediffusionapi/samaritan-3d-cartoon', 'stablediffusionapi/real-cartoon-realist', 'stablediffusionapi/rev-animated', 'stablediffusionapi/disneypixar', 'stablediffusionapi/meina-hentai', 'stablediffusionapi/dreadless-v3', 'stablediffusionapi/juggernaut-xl', 'stablediffusionapi/animatrix']"
59,kontur-ai/sbert_punc_case_ru,[0.5 0.  0.5 0.  0.  0.  0.  0.  0. ],"['inkoziev/rugpt_chitchat', 'remshu-inc/mencoder', 'inkoziev/rugpt_interpreter', 'Bananaws/Python_Task6', 'inkoziev/paraphraser', 'remshu-inc/mmark', 'TeraSpace/replica_classification', 'SiberiaSoft/SiberianFRED-T5-XL', 'psymon/KoLlama2-7b']"
60,runwayml/stable-diffusion-v1-5,[0.6 0.6 0.6 0.6 0.6 0.6 0.6 0.6 0.6],"['Kernel/sd-nsfw', 'nmkd/stable-diffusion-1.5-onnx-fp16', 'pain/CalliarGen-v2', 'CompVis/stable-diffusion-v1-4', 'keogh/stable-diffusion-compvis-v1-4', 'olympictafira/cAT', 'pcuenq/stable-diffusion-v1-4', 'junnyu/stable-diffusion-v1-4-paddle', 'bryanhpchiang/anim']"
61,Salesforce/codet5p-220m,[1.  1.  1.  1.  1.  1.  0.5 1.  1. ],"['Salesforce/codet5p-2b', 'Salesforce/codet5p-6b', 'Salesforce/codet5p-770m', 'Salesforce/codet5p-16b', 'Salesforce/instructcodet5p-16b', 'Salesforce/codet5p-770m-py', 'Salesforce/codet5p-220m-bimodal', 'Salesforce/codet5p-220m-py', 'Salesforce/codet5p-110m-embedding']"
62,TheBloke/gpt4-alpaca-lora_mlp-65B-GPTQ,"[0.5        0.33333333 0.5        0.5        0.5        0.33333333
 1.         0.         0.5       ]","['TheBloke/dromedary-65B-lora-GPTQ', 'TheBloke/h2ogpt-gm-oasst1-en-2048-falcon-40b-v2-GPTQ', 'TheBloke/samantha-13B-GPTQ', 'TheBloke/airoboros-13B-1.1-GPTQ', 'TheBloke/Samantha-7B-GPTQ', 'TheBloke/orca_mini_13B-GPTQ', 'TheBloke/llama-13b-supercot-GGML', 'philschmid/falcon-40b-instruct-GPTQ-inference-endpoints', 'TheBloke/samantha-33B-GPTQ']"
63,mosaicml/mpt-7b-8k-chat,"[1.         0.95238095 0.33333333 0.33333333 0.         0.
 0.         0.         0.5       ]","['mosaicml/mpt-30b-chat', 'Trelis/mpt-7b-8k-chat-sharded-bf16', 'dfurman/falcon-7b-openassistant-peft', 'dfurman/falcon-40b-openassistant-peft', '922-CA/l2-13b-sayori-v0.1-qloras', '922-CA/l2-13b-yuri-v0.1-qloras', '922-CA/l2-13b-monika-v0.3-qloras', '922-CA/l2-13b-natsuki-v0.1-qloras', '922-CA/l2-7b-yuri-ddlc-v0.1']"
64,distilbert-base-uncased-distilled-squad,[1. 0. 0. 0. 0. 0. 0. 0. 0.],"['distilbert-base-cased-distilled-squad', 'minhtriphan/LongFinBERT-base', 'nlpaueb/sec-bert-num', 'nlpaueb/sec-bert-shape', 'nlpaueb/sec-bert-base', 'microsoft/Multilingual-MiniLM-L12-H384', 'distilbert-base-multilingual-cased', 'mosaicml/mosaic-bert-base-seqlen-1024', 'mosaicml/mosaic-bert-base-seqlen-2048']"
65,j-hartmann/emotion-english-distilroberta-base,"[0.2        0.33333333 0.5        0.5        0.5        0.25
 0.5        0.33333333 0.33333333]","['KBLab/emotional-classification', 'patrickramos/bert-base-japanese-v2-wrime-fine-tune', 'transformersbook/distilbert-base-uncased-finetuned-emotion', 'yting27/pba1-emotion-classification', 'cyrildever/distilbert-base-uncased-finetuned-emotion', 'w11wo/indonesian-roberta-base-prdect-id', 'alexandrainst/da-emotion-classification-base', 'w11wo/sundanese-bert-base-emotion-classifier', 'w11wo/sundanese-roberta-base-emotion-classifier']"
66,moussaKam/barthez,[0. 0. 0. 0. 0. 0. 0. 0. 0.],"['danjohnvelasco/roberta-tagalog-base-cohfie-v1', 'amandyk/QazGPT2', 'flax-community/bigband', 'google/bigbird-roberta-base', 'MultiBertGunjanPatrick/multiberts-seed-0-0k', 'microsoft/prophetnet-large-uncased-cnndm', 'MultiBertGunjanPatrick/multiberts-seed-4-500k', 'MultiBertGunjanPatrick/multiberts-seed-4-0k', 'MultiBertGunjanPatrick/multiberts-seed-4-60k']"
67,facebook/mask2former-swin-base-coco-panoptic,[0.8 0.8 0.8 0.8 0.8 0.8 0.8 0.8 0.5],"['facebook/mask2former-swin-large-mapillary-vistas-panoptic', 'facebook/mask2former-swin-large-ade-panoptic', 'facebook/mask2former-swin-large-ade-semantic', 'facebook/mask2former-swin-base-IN21k-ade-semantic', 'facebook/mask2former-swin-base-IN21k-coco-instance', 'facebook/mask2former-swin-tiny-cityscapes-instance', 'facebook/mask2former-swin-tiny-coco-instance', 'facebook/mask2former-swin-large-cityscapes-semantic', 'openmmlab/upernet-swin-tiny']"
68,bionlp/bluebert_pubmed_uncased_L-12_H-768_A-12,[0. 0. 0. 0. 0. 0. 0. 0. 0.],"['Tsubasaz/clinical-pubmed-bert-base-128', 'AustinZuo/zeo-bert', 'Tsubasaz/clinical-pubmed-bert-base-512', 'jannikskytt/MeDa-Bert', 'seiya/oubiobert-base-uncased', 'Narrativa/NarbioBART', 'FremyCompany/opus-mt-nl-en-healthcare', 'bullmount/hseBert-it-cased', 'batterydata/bert-base-uncased-abstract']"
69,timm/maxvit_tiny_tf_512.in1k,[0.6 0.6 0.4 0.6 0.6 0.6 0.6 0.6 0.6],"['timm/maxvit_tiny_tf_224.in1k', 'timm/maxvit_base_tf_384.in1k', 'timm/coatnet_3_rw_224.sw_in12k', 'timm/maxvit_rmlp_tiny_rw_256.sw_in1k', 'timm/maxvit_rmlp_pico_rw_256.sw_in1k', 'timm/maxvit_rmlp_nano_rw_256.sw_in1k', 'timm/coatnet_rmlp_nano_rw_224.sw_in1k', 'timm/coatnet_rmlp_1_rw_224.sw_in1k', 'timm/maxxvit_rmlp_nano_rw_256.sw_in1k']"
70,mosaicml/mpt-30b-instruct,"[0.92857143 0.92857143 0.92307692 0.2        0.2        0.2
 0.16666667 0.33333333 0.33333333]","['Abzu/mpt-30b-instruct-q8', 'eluzhnica/mpt-30b-instruct-peft-compatible', 'blackmount8/mpt-30b-instruct-ct2-int8_float16', 'allenai/tulu-7b', 'allenai/tulu-65b', 'allenai/tulu-30b', 'smallcloudai/Refact-1_6B-fim', 'TabbyML/SantaCoder-1B', 'Norquinal/Qwen-7B-airoboros-2.1']"
71,HyperbeeAI/Tulpar-7b-v0,[0.5 0.  0.5 0.5 0.5 0.5 0.5 0.  0.5],"['Faradaylab/Aria-40B', 'uwnlp/llama-2-70b-qlora-openorca', 'SaguaroCapital/falcon-40b-wizardlm-lora', 'DarwinAnim8or/Pythia-Greentext-1.4b', 'keyfan/bloomz-rlhf', 'pankajmathur/orca_mini_3b', 'linkanjarad/Cerebras-GPT-Alpaca-590m', 'vincentmin/llama-2-7b-reward-oasst1', 'pankajmathur/orca_mini_v3_70b']"
72,malteos/scincl,[0.5 0.5 0.5 0.5 0.5 0.5 0.5 0.  0.2],"['allenai/aspire-biencoder-biomed-scib', 'allenai/aspire-biencoder-biomed-spec', 'allenai/aspire-biencoder-compsci-spec', 'allenai/aspire-contextualsentence-singlem-compsci', 'allenai/aspire-contextualsentence-singlem-biomed', 'allenai/aspire-contextualsentence-multim-biomed', 'allenai/aspire-contextualsentence-multim-compsci', 'arazd/MIReAD', 'michiyasunaga/BioLinkBERT-base']"
73,Jorgeutd/bert-large-uncased-finetuned-ner,"[1.         0.25       0.         0.66666667 0.33333333 0.25
 0.25       0.25       0.66666667]","['Jorgeutd/albert-base-v2-finetuned-ner', 'postbot/bert_uncased_tiny_2xthicc-multi-emails-hq', 'chcaa/dfm-encoder-large-v1', 'Nonzerophilip/bert-finetuned-ner_swedish_small_set_health_and_standart', 'MinaAlmasi/dknews-NB-BERT-AI-classifier', 'postbot/bert_uncased_tiny-multi-emails-hq', 'chunwoolee0/klue_ynat_roberta_base_model', 'postbot/bert_uncased_L-2_H-256_A-4-mlm-multi-emails-hq', 'Jorgeutd/bert-base-uncased-finetuned-surveyclassification']"
74,Yntec/RadiantCinemagic,"[0.88888889 0.         0.33333333 0.5        0.16666667 0.
 0.16666667 0.         0.16666667]","['Yntec/RadiantVibes', 'BlancOfficial/Healy_AnimeBlend', 'sd-dreambooth-library/seraphm', 'sd-dreambooth-library/taylorswift', 'stablediffusionapi/graphic-art', 'wavymulder/zelda-diffusion-HN', 'stablediffusionapi/all-526-animated', 'crumb/midjourney-textual-inversions', 'stablediffusionapi/ddosmix']"
75,Salesforce/codet5p-2b,[1.  1.  1.  1.  1.  1.  0.5 1.  1. ],"['Salesforce/codet5p-6b', 'Salesforce/codet5p-220m', 'Salesforce/codet5p-16b', 'Salesforce/instructcodet5p-16b', 'Salesforce/codet5p-770m', 'Salesforce/codet5p-770m-py', 'Salesforce/codet5p-220m-bimodal', 'Salesforce/codet5p-220m-py', 'Salesforce/codet5p-110m-embedding']"
76,Sygil/Sygil-Diffusion,"[0.4        0.4        0.14285714 0.125      0.         0.25
 0.33333333 0.4        0.        ]","['coreml-community/coreml-seek.art_MEGA', 'apple/coreml-stable-diffusion-xl-base', 'ShoukanLabs/OpenNiji', 'ShoukanLabs/OpenNiji-V2', 'damian0815/pashahlis-val-test-1e-6-ep30', 'nadanainone/tondelora', 'Guizmus/SD_DreamerCommunities_Collection', 'coreml-community/coreml-majicmixRealistic_v5Preview', 'Phantom-Artist/phantom-diffusion-s3-the-last-8']"
77,timm/tf_efficientnet_b1.ns_jft_in1k,[0.6 0.6 0.6 0.6 0.6 0.6 0.6 0.6 0.6],"['timm/tf_efficientnet_b2.ns_jft_in1k', 'timm/tf_efficientnet_b3.ns_jft_in1k', 'timm/tf_efficientnet_b4.ns_jft_in1k', 'timm/tf_efficientnet_b0.ns_jft_in1k', 'timm/tf_efficientnet_b7.ns_jft_in1k', 'timm/tf_efficientnet_l2.ns_jft_in1k', 'timm/tf_efficientnet_b6.ns_jft_in1k', 'timm/tf_efficientnet_b5.ns_jft_in1k', 'timm/vit_base_r50_s16_384.orig_in21k_ft_in1k']"
78,philschmid/pyannote-speaker-diarization-endpoint,"[0.89473684 0.89473684 0.89473684 0.89473684 0.         0.
 0.         0.11764706 0.13333333]","['anilbs/pipeline', 'paris-iea/speaker-diarization', 'pyannote/speaker-diarization', 'KIFF/pyannote-speaker-diarization-endpoint', 'AntonyG/fine-tune-wav2vec2-large-xls-r-1b-sw', 'crossdelenna/wav2vec2-large-en-in-lm', 'KBLab/whisper-large-rixvox', 'nvidia/stt_ru_fastconformer_hybrid_large_pc', 'nvidia/stt_it_fastconformer_hybrid_large_pc']"
79,google/owlvit-base-patch16,[0.75 0.75 0.5  0.5  0.5  0.5  0.25 0.25 0.  ],"['google/owlvit-large-patch14', 'google/owlvit-base-patch32', 'zoheb/yolos-small-balloon', 'microsoft/conditional-detr-resnet-50', 'facebook/deformable-detr-box-supervised', 'facebook/deformable-detr-detic', 'efederici/convnext-base-224-22k-1k-orig-cats-vs-dogs', 'nickmuchi/yolos-small-finetuned-masks', 'mlpc-lab/BLIVA_FlanT5']"
80,anas-awadalla/mpt-1b-redpajama-200b,"[0.66666667 0.66666667 0.33333333 0.33333333 0.33333333 0.33333333
 0.33333333 0.33333333 0.        ]","['mosaicml/mpt-1b-redpajama-200b-dolly', 'seantyh/mpt-1b-rp200b-dolly', 'postbot/bloom-1b1-emailgen', 'lambdalabs/pythia-1.4b-deduped-synthetic-instruct', 'lambdalabs/pythia-6.9b-deduped-synthetic-instruct', 'lambdalabs/pythia-2.8b-deduped-synthetic-instruct', 'stabilityai/stablecode-instruct-alpha-3b', 'lambdalabs/pythia-12b-deduped-synthetic-instruct', 'adavirro/distilhubert-finetuned-gtzan']"
81,UFNLP/gatortron-base,[1. 0. 0. 0. 0. 0. 0. 0. 0.],"['UFNLP/gatortronS', 'nlpie/clinical-distilbert-i2b2-2010', 'Charangan/MedBERT', 'shainaraza/clinical-bias-ner', 'nlpie/clinical-mobilebert-i2b2-2010', 'osiria/bert-italian-uncased-ner', 'cointegrated/rubert-base-cased-nli-threeway', 'osiria/bert-italian-cased-ner', 'bioformers/bioformer-8L']"
82,allenai/scibert_scivocab_uncased,[0. 0. 0. 0. 0. 0. 0. 0. 0.],"['cl-tohoku/bert-base-japanese', 'izumi-lab/bert-small-japanese', 'cl-tohoku/bert-base-japanese-char', 'izumi-lab/bert-small-japanese-fin', 'line-corporation/line-distilbert-base-japanese', 'cl-tohoku/bert-base-japanese-whole-word-masking', 'cl-tohoku/bert-base-japanese-v3', 'qarib/bert-base-qarib', 'ateneoscsl/BUOD_bert2bert_TM']"
83,jackaduma/SecBERT,"[1.         0.         0.5        0.         0.33333333 0.
 0.         0.33333333 0.        ]","['jackaduma/SecRoBERTa', 'allenai/scibert_scivocab_uncased', 'line-corporation/line-distilbert-base-japanese', 'HooshvareLab/bert-fa-base-uncased-clf-persiannews', 'izumi-lab/bert-small-japanese-fin', 'nikotang/bert-large-cuad', 'y-oikawa/Information-triage-for-disaster-tweets', 'cl-tohoku/bert-base-japanese-char', 'deepvk/bert-base-uncased']"
84,stabilityai/japanese-stablelm-instruct-alpha-7b,"[0.5        0.33333333 0.5        0.5        0.5        0.
 0.         0.         0.        ]","['stabilityai/japanese-instructblip-alpha', 'OpenBuddy/openbuddy-falcon-7b-v5-fp16', 'OpenBuddy/openbuddy-openllama-3b-v10-bf16', 'OpenBuddy/openbuddy-atom-13b-v9-bf16', 'digitous/Javelin-GPTJ', 'WillHeld/pfadapter-bart-base-tada-value-eraser', 'lyogavin/Anima33B-DPO-Belle-1k', 'allenai/scirepeval_adapters_prx', 'TheOneHitz/6-BlackBox-9']"
85,Salesforce/codet5-base,[0.5 1.  1.  1.  1.  1.  0.  0.5 1. ],"['gangqinxiao13/fine-tuned-codet5', 'Salesforce/codet5p-16b', 'Salesforce/instructcodet5p-16b', 'Salesforce/codet5p-2b', 'Salesforce/codet5p-6b', 'Salesforce/codet5p-770m-py', 'Deci/DeciCoder-1b', 'Salesforce/codet5p-220m-bimodal', 'Salesforce/codet5p-220m-py']"
86,cointegrated/rubert-tiny,"[0.11111111 0.33333333 0.5        0.         0.5        0.5
 0.5        0.33333333 0.33333333]","['qarib/bert-base-qarib', 'pkshatech/simcse-ja-bert-base-clcmlp', 'ganchengguang/RoBERTa-base-japanese-sentencepiece', 'qarib/bert-base-qarib_far_9920k', 'Addedk/kbbert-distilled-cased', 'ganchengguang/RoBERTa-base-janpanese', 'distilbert-base-multilingual-cased', 'vocab-transformers/dense_encoder-msmarco-bert-base-word2vec256k_emb_updated', 'izumi-lab/bert-small-japanese-fin']"
87,siebert/sentiment-roberta-large-english,"[0.25       0.5        0.         0.25       0.33333333 0.16666667
 0.         0.25       0.16666667]","['w11wo/indonesian-roberta-base-indolem-sentiment-classifier-fold-0', 'osiria/bert-tweet-italian-uncased-sentiment', 'Orkhan/llama-2-7b-absa', 'selimsametoglu/selims', 'cardiffnlp/twitter-roberta-base-sentiment', 'edumunozsala/RuPERTa_base_sentiment_analysis_es', 'kevinscaria/joint_tk-instruct-base-def-pos-neg-neut-combined', 'mwz/UrduClassification', 'fhamborg/roberta-targeted-sentiment-classification-newsarticles']"
88,EleutherAI/pythia-12b,"[1.         0.83333333 0.66666667 0.66666667 0.83333333 0.25
 0.         0.         0.16666667]","['EleutherAI/pythia-6.9b', 'EleutherAI/pythia-70m-deduped', 'P1ayer-1/pythia-1b-deduped-instruct-base', 'exa1128/pythia-1000step', 'EleutherAI/pythia-1.4b-v0', 'rustformers/pythia-ggml', 'uwnlp/llama-2-70b-qlora-openorca', 'declare-lab/flan-alpaca-xl-lora', 'ngoantech/Llama-2-7b-vietnamese-20k']"
89,microsoft/xtremedistil-l6-h256-uncased,"[0.66666667 0.66666667 0.         0.         0.         0.
 0.         0.         0.        ]","['microsoft/xtremedistil-l6-h384-uncased', 'microsoft/xtremedistil-l12-h384-uncased', 'google/switch-base-8', 'nlpie/miniALBERT-128', 'google/switch-c-2048', 'bonadossou/multitask_model_fon_False_multiplicative', 'ybelkada/switch-base-8-xsum', 'uer/t5-v1_1-base-chinese-cluecorpussmall', 'crumb/FLAN-OPT-1.3b-LoRA']"
90,KRAFTON/KORani-v3-13B,"[0.8        0.         0.         0.         0.         0.4
 0.33333333 0.         0.        ]","['KRAFTON/KORani-v1-13B', 'noahkim/KoT5_Translate_ko_jp', 'chunwoolee0/mt5_small_wmt16_de_en', 'w11wo/sundanese-roberta-base', 'Navvye/whisper-large-v2-kangri', 'NousResearch/Nous-Hermes-13b', 'anugrahap/gpt2-indo-textgen', 'Bahasalab/BahasaGpt-chat', 'w11wo/malaysian-distilbert-small']"
91,EleutherAI/polyglot-ko-5.8b,"[1.         1.         1.         0.33333333 1.         1.
 1.         0.33333333 0.5       ]","['EleutherAI/polyglot-ko-1.3b', 'EleutherAI/polyglot-ko-3.8b', 'EleutherAI/polyglot-ko-12.8b', 'skt/ko-gpt-trinity-1.2B-v0.5', 'EleutherAI/gpt-neo-125m', 'EleutherAI/gpt-neo-1.3B', 'EleutherAI/gpt-neo-2.7B', 'lchaloupsky/czech-gpt2-oscar', 'KoboldAI/GPT-Neo-2.7B-Janeway']"
92,tiiuae/falcon-40b-instruct,"[1.         0.5        1.         1.         0.66666667 1.
 0.66666667 0.66666667 0.66666667]","['tiiuae/falcon-7b-instruct', 'blackmount8/falcon-7b-instruct-ct2-int8_float16', 'tiiuae/falcon-40b', 'tiiuae/falcon-180B', 'hlarcher/falcon-7b-v100s', 'tiiuae/falcon-7b', 'h2o-llmstudio/falcon-7b-fix', 'TitanML/ct2-int8-falcon-7b', 'rishiraj/geraki']"
93,lllyasviel/control_v11e_sd15_ip2p,"[0.85714286 0.85714286 0.71428571 0.85714286 0.85714286 0.85714286
 0.85714286 0.75       0.85714286]","['lllyasviel/control_v11p_sd15s2_lineart_anime', 'lllyasviel/control_v11p_sd15_inpaint', 'OrderAndChaos/controlnet-inpaint-endpoint', 'lllyasviel/control_v11p_sd15_lineart', 'lllyasviel/control_v11e_sd15_shuffle', 'lllyasviel/control_v11p_sd15_scribble', 'lllyasviel/control_v11p_sd15_openpose', 'ControlNet-1-1-preview/control_v11p_sd15_lineart', 'lllyasviel/control_v11p_sd15_seg']"
94,Hate-speech-CNERG/bert-base-uncased-hatexplain,"[0.33333333 0.33333333 1.         0.33333333 0.33333333 0.33333333
 0.         0.         0.        ]","['MilaNLProc/hate-ita', 'MilaNLProc/hate-ita-xlm-r-large', 'Hate-speech-CNERG/dehatebert-mono-english', 'amengemeda/amharic-hate-speech-detection-mBERT', 'l3cube-pune/me-hate-bert', 'l3cube-pune/me-hate-roberta', 'Narrativa/byt5-base-tweet-hate-detection', 'morit/arabic_xlm_xnli', 'morit/chinese_xlm_xnli']"
95,d4data/bias-detection-model,"[0.33333333 0.         0.33333333 0.         0.         0.33333333
 0.         0.         0.        ]","['amirhossein1376/pft-clf-finetuned', 'Agtian/llama-65b-int4', 'nickprock/xlm-roberta-base-banking77-classification', 'alexl83/LLaMA-33B-HF', 'snipaid/gptj-title-teaser-10k', 'jonahank/KlimaBERT', 'Jorgeutd/bert-large-uncased-finetuned-ner', 'typeform/distilbert-base-uncased-mnli', 'w11wo/javanese-bert-small']"
96,intfloat/multilingual-e5-large,"[0.8        0.83333333 0.33333333 0.         0.         0.
 0.         0.         0.        ]","['intfloat/e5-large-unsupervised', 'intfloat/e5-small', 'gruber/e5-small-v2-ggml', 'tau/bart-base-sled-contractnli', 'tau/bart-base-sled-govreport', 'PlanTL-GOB-ES/RoBERTalex', 'Sakonii/distilgpt2-nepali-qa', 'tau/bart-base-sled-summscreenfd', 'tau/bart-base-sled']"
97,cerebras/Cerebras-GPT-256M,"[1.         1.         1.         1.         1.         1.
 0.8        0.         0.33333333]","['cerebras/Cerebras-GPT-1.3B', 'cerebras/Cerebras-GPT-590M', 'cerebras/Cerebras-GPT-256M', 'cerebras/Cerebras-GPT-6.7B', 'cerebras/Cerebras-GPT-2.7B', 'cerebras/Cerebras-GPT-13B', 'marcospiau/Cerebras-GPT-13B-reshard-1GB-float32', 'bjoernp/alpaca-cerebras-6.7B', 'seantyh/mpt-1b-rp200b-dolly']"
98,climatebert/distilroberta-base-climate-sentiment,"[0.33333333 0.66666667 0.33333333 0.66666667 0.33333333 0.
 0.66666667 0.66666667 0.        ]","['Narsil/finbert2', 'climatebert/distilroberta-base-climate-specificity', 'soleimanian/financial-roberta-large-sentiment', 'climatebert/distilroberta-base-climate-tcfd', 'kk08/CryptoBERT', 'andrea-t94/roberta-fine-tuned-twitter', 'climatebert/distilroberta-base-climate-commitment', 'climatebert/distilroberta-base-climate-detector', 'RecordedFuture/Swedish-Sentiment-Fear-Targets']"
99,deepset/electra-base-squad2,[1. 1. 1. 1. 1. 1. 1. 0. 0.],"['deepset/minilm-uncased-squad2', 'deepset/tinyroberta-6l-768d', 'deepset/bert-medium-squad2-distilled', 'deepset/xlm-roberta-large-squad2', 'deepset/roberta-base-squad2-distilled', 'deepset/tinybert-6l-768d-squad2', 'deepset/bert-base-uncased-squad2', 'PlanTL-GOB-ES/roberta-base-bne', 'cssupport/mobilebert-sql-injection-detect']"
